{
    "nodes": [{
        "name": "Gdp02",
        "group": 1
    }, {
        "name": "Gdp03",
        "group": 1
    }, {
        "name": "Gdp04",
        "group": 1
    }, {
        "name": "Gdp05",
        "group": 1
    }, {
        "name": "Gdp06",
        "group": 1
    }, {
        "name": "Gdp07",
        "group": 1
    }, {
        "name": "Gdp08",
        "group": 1
    }, {
        "name": "Gdp09",
        "group": 1
    }, {
        "name": "Gdp10",
        "group": 1
    }, {
        "name": "Gdp11",
        "group": 1
    }, {
        "name": "Gdp12",
        "group": 1
    }, {
        "name": "Map",
        "group": 1
    }],
    "links": [{
        "source": 1,
        "target": 0,
        "value": 1
    }, {
        "source": 2,
        "target": 0,
        "value": 8
    }, {
        "source": 3,
        "target": 0,
        "value": 10
    }, {
        "source": 3,
        "target": 2,
        "value": 6
    }, {
        "source": 4,
        "target": 0,
        "value": 1
    }, {
        "source": 5,
        "target": 0,
        "value": 1
    }, {
        "source": 6,
        "target": 0,
        "value": 1
    }]
}