﻿{
  "sites": [{
      "num": "1044A",
      "name": "北京",
      "lng": "116.395645",
      "lat": "39.929986"
    },
    {
      "num": "1041A",
      "name": "天津",
      "lng": "117.210813",
      "lat": "39.14393"
    },
    {
      "num": "1015A",
      "name": "河北",
      "lng": "114.522082",
      "lat": "38.048958"
    },
    {
      "num": "1023A",
      "name": "山西",
      "lng": "112.550864",
      "lat": "37.890277"
    },
    {
      "num": "1019A",
      "name": "内蒙古",
      "lng": "111.660351",
      "lat": "40.828319"
    },
    {
      "num": "1018A",
      "name": "辽宁",
      "lng": "123.432791",
      "lat": "41.808645"
    },
    {
      "num": "1016A",
      "name": "吉林",
      "lng": "125.313642",
      "lat": "43.898338"
    },
    {
      "num": "1017A",
      "name": "黑龙江",
      "lng": "126.657717",
      "lat": "45.773225"
    },
    {
      "num": "1042A",
      "name": "上海",
      "lng": "121.487899",
      "lat": "31.249162"
    },
    {
      "num": "1027A",
      "name": "江苏",
      "lng": "118.778074",
      "lat": "32.057236"
    },
    {
      "num": "1028A",
      "name": "浙江",
      "lng": "120.219375",
      "lat": "30.259244"
    },
    {
      "num": "1026A",
      "name": "安徽",
      "lng": "117.282699",
      "lat": "31.866942"
    },
    {
      "num": "1029A",
      "name": "福建",
      "lng": "119.330221",
      "lat": "26.047125"
    },
    {
      "num": "1031A",
      "name": "江西",
      "lng": "115.893528",
      "lat": "28.689578"
    },
    {
      "num": "1014A",
      "name": "山东",
      "lng": "117.024967",
      "lat": "36.682785"
    },
    {
      "num": "1025A",
      "name": "河南",
      "lng": "113.649644",
      "lat": "34.75661"
    },
    {
      "num": "1036A",
      "name": "湖北",
      "lng": "114.3162",
      "lat": "30.581084"
    },
    {
      "num": "1035A",
      "name": "湖南",
      "lng": "112.979353",
      "lat": "28.213478"
    },
    {
      "num": "1030A",
      "name": "广东",
      "lng": "113.30765",
      "lat": "23.120049"
    },
    {
      "num": "1033A",
      "name": "广西",
      "lng": "108.297234",
      "lat": "22.806493"
    },
    {
      "num": "1032A",
      "name": "海南",
      "lng": "110.330802",
      "lat": "20.022071"
    },
    {
      "num": "1043A",
      "name": "重庆",
      "lng": "106.530635",
      "lat": "29.544606"
    },
    {
      "num": "1037A",
      "name": "四川",
      "lng": "104.067923",
      "lat": "30.679943"
    },
    {
      "num": "1034A",
      "name": "贵州",
      "lng": "106.709177",
      "lat": "26.629907"
    },
    {
      "num": "1038A",
      "name": "云南",
      "lng": "102.714601",
      "lat": "25.049153"
    },
    {
      "num": "1039A",
      "name": "西藏",
      "lng": "91.111891",
      "lat": "29.662557"
    },
    {
      "num": "1024A",
      "name": "陕西",
      "lng": "108.93984",
      "lat": "34.34127"
    },
    {
      "num": "1021A",
      "name": "甘肃",
      "lng": "103.823305",
      "lat": "36.064226"
    },
    {
      "num": "1040A",
      "name": "青海",
      "lng": "101.767921",
      "lat": "36.640739"
    },
    {
      "num": "1022A",
      "name": "宁夏",
      "lng": "106.206479",
      "lat": "38.502621"
    },
    {
      "num": "1020A",
      "name": "新疆",
      "lng": "87.564988",
      "lat": "43.84038"
    }
  ]
}