﻿{
    "sites": [{
            "num": "1223A",
            "name": "杭州滨江",
            "lng": "120.19237",
            "lat": "30.187588"
        },
        {
            "num": "1224A",
            "name": "杭州西溪",
            "lng": "120.099966",
            "lat": "30.264479"
        },
        {
            "num": "1225A",
            "name": "杭州千岛湖",
            "lng": "120.281114",
            "lat": "30.165603"
        },
        {
            "num": "1226A",
            "name": "杭州下沙",
            "lng": "120.394203",
            "lat": "30.304125"
        },
        {
            "num": "1227A",
            "name": "杭州卧龙桥",
            "lng": "120.13847",
            "lat": "30.249272"
        },
        {
            "num": "1228A",
            "name": "杭州浙江农大",
            "lng": "120.219375",
            "lat": "30.259244"
        },
        {
            "num": "1229A",
            "name": "杭州朝晖五区",
            "lng": "120.167772",
            "lat": "30.293566"
        },
        {
            "num": "1230A",
            "name": "杭州和睦小学",
            "lng": "120.131142",
            "lat": "30.316147"
        },
        {
            "num": "1231A",
            "name": "杭州临平镇",
            "lng": "120.313334",
            "lat": "30.427171"
        },
        {
            "num": "1232A",
            "name": "杭州城厢镇",
            "lng": "120.305175",
            "lat": "30.261514"
        },
        {
            "num": "1233A",
            "name": "杭州云栖",
            "lng": "120.100957",
            "lat": "30.198901"
        },
        {
            "num": "1234A",
            "name": "宁波区环保大楼",
            "lng": "121.579006",
            "lat": "29.885259"
        },
        {
            "num": "1235A",
            "name": "宁波万里学院",
            "lng": "121.570251",
            "lat": "29.823934"
        },
        {
            "num": "1236A",
            "name": "宁波龙赛医院",
            "lng": "121.722987",
            "lat": "29.959845"
        },
        {
            "num": "1237A",
            "name": "宁波三江中学",
            "lng": "121.564658",
            "lat": "29.893985"
        },
        {
            "num": "1238A",
            "name": "宁波市政管理站",
            "lng": "121.579006",
            "lat": "29.885259"
        },
        {
            "num": "1239A",
            "name": "宁波钱湖水厂",
            "lng": "121.579006",
            "lat": "29.885259"
        },
        {
            "num": "1240A",
            "name": "宁波太古小学",
            "lng": "121.596143",
            "lat": "29.866813"
        },
        {
            "num": "1241A",
            "name": "宁波市环境监测中心",
            "lng": "121.535143",
            "lat": "29.870901"
        },
        {
            "num": "1242A",
            "name": "温州瓯海",
            "lng": "120.639546",
            "lat": "28.010823"
        },
        {
            "num": "1243A",
            "name": "温州南浦",
            "lng": "120.685512",
            "lat": "27.997512"
        },
        {
            "num": "1244A",
            "name": "温州龙湾",
            "lng": "120.811078",
            "lat": "27.913341"
        },
        {
            "num": "1245A",
            "name": "温州市站",
            "lng": "120.690635",
            "lat": "28.002838"
        },
        {
            "num": "1246A",
            "name": "绍兴袍江站",
            "lng": "120.592467",
            "lat": "30.002365"
        },
        {
            "num": "1247A",
            "name": "绍兴城东开发委",
            "lng": "120.592467",
            "lat": "30.002365"
        },
        {
            "num": "1248A",
            "name": "绍兴市环保站",
            "lng": "120.592467",
            "lat": "30.002365"
        },
        {
            "num": "1249A",
            "name": "湖州城北水厂",
            "lng": "120.137243",
            "lat": "30.877925"
        },
        {
            "num": "1250A",
            "name": "湖州城西水厂",
            "lng": "120.137243",
            "lat": "30.877925"
        },
        {
            "num": "1251A",
            "name": "湖州吉山新村",
            "lng": "120.120601",
            "lat": "30.868835"
        },
        {
            "num": "1252A",
            "name": "嘉兴清河小学",
            "lng": "120.754294",
            "lat": "30.781943"
        },
        {
            "num": "1253A",
            "name": "嘉兴嘉兴学院",
            "lng": "120.737221",
            "lat": "30.751671"
        },
        {
            "num": "1254A",
            "name": "嘉兴监测站",
            "lng": "120.760428",
            "lat": "30.773992"
        },
        {
            "num": "1255A",
            "name": "台州黄岩环保大楼",
            "lng": "121.088318",
            "lat": "28.604655"
        },
        {
            "num": "1256A",
            "name": "台州台州环保大楼",
            "lng": "121.440613",
            "lat": "28.668283"
        },
        {
            "num": "1257A",
            "name": "台州路桥田洋王",
            "lng": "121.363935",
            "lat": "28.459156"
        },
        {
            "num": "1258A",
            "name": "舟山定海檀枫",
            "lng": "122.073024",
            "lat": "30.064847"
        },
        {
            "num": "1259A",
            "name": "舟山普陀东港",
            "lng": "122.278765",
            "lat": "29.871101"
        },
        {
            "num": "1260A",
            "name": "舟山临城新区",
            "lng": "122.211161",
            "lat": "29.995754"
        },
        {
            "num": "1261A",
            "name": "金华四中",
            "lng": "119.6483935203",
            "lat": "29.1041938542"
        },
        {
            "num": "1262A",
            "name": "金华十五中",
            "lng": "119.662676",
            "lat": "29.080972"
        },
        {
            "num": "1263A",
            "name": "金华监测站",
            "lng": "119.652576",
            "lat": "29.102899"
        },
        {
            "num": "1264A",
            "name": "衢州环保大楼",
            "lng": "118.875842",
            "lat": "28.95691"
        },
        {
            "num": "1265A",
            "name": "衢州实验学校",
            "lng": "118.875842",
            "lat": "28.95691"
        },
        {
            "num": "1266A",
            "name": "衢州衢州学院",
            "lng": "118.874926",
            "lat": "28.988486"
        },
        {
            "num": "1267A",
            "name": "丽水监测站大楼",
            "lng": "119.929576",
            "lat": "28.4563"
        },
        {
            "num": "1268A",
            "name": "丽水莲都小学",
            "lng": "119.941255",
            "lat": "28.459947"
        },
        {
            "num": "1269A",
            "name": "丽水余庄前",
            "lng": "119.644494",
            "lat": "28.479762"
        },
        {
            "num": "2010A",
            "name": "临安市政府",
            "lng": "119.731318",
            "lat": "30.239752"
        },
        {
            "num": "2011A",
            "name": "临安四中",
            "lng": "119.350295",
            "lat": "30.207684"
        },
        {
            "num": "2012A",
            "name": "富阳监测站",
            "lng": "119.846692",
            "lat": "30.001094"
        },
        {
            "num": "2013A",
            "name": "富阳富春二小",
            "lng": "119.955814",
            "lat": "30.05276"
        },
        {
            "num": "2014A",
            "name": "义乌江东",
            "lng": "120.067296",
            "lat": "29.306444"
        },
        {
            "num": "2015A",
            "name": "义乌北苑",
            "lng": "120.0458657346",
            "lat": "29.3361438605"
        }
    ]
}