{
    "sites": [{
        "num": "1",
        "name": "502",
        "lng": "-87.697899",
        "lat": "41.926618"
    }, {
        "num": "2",
        "name": "195",
        "lng": "-87.619521",
        "lat": "41.884728"
    }, {
        "num": "3",
        "name": "199",
        "lng": "-87.626937",
        "lat": "41.891738"
    }, {
        "num": "4",
        "name": "177",
        "lng": "-87.630834",
        "lat": "41.926277"
    }, {
        "num": "5",
        "name": "47",
        "lng": "-87.6277",
        "lat": "41.88918"
    }, {
        "num": "6",
        "name": "264",
        "lng": "-87.62232",
        "lat": "41.886835"
    }, {
        "num": "7",
        "name": "405",
        "lng": "-87.632504",
        "lat": "41.830777"
    }, {
        "num": "8",
        "name": "15",
        "lng": "-87.656495",
        "lat": "41.858166"
    }, {
        "num": "9",
        "name": "77",
        "lng": "-87.641066",
        "lat": "41.882242"
    }, {
        "num": "10",
        "name": "427",
        "lng": "-87.606112388",
        "lat": "41.780599015"
    }, {
        "num": "11",
        "name": "256",
        "lng": "-87.649993",
        "lat": "41.952833"
    }, {
        "num": "12",
        "name": "239",
        "lng": "-87.688487",
        "lat": "41.966555"
    }, {
        "num": "13",
        "name": "175",
        "lng": "-87.633523",
        "lat": "41.872373"
    }, {
        "num": "14",
        "name": "130",
        "lng": "-87.67695",
        "lat": "41.90331"
    }, {
        "num": "15",
        "name": "267",
        "lng": "-87.591875",
        "lat": "41.809443"
    }, {
        "num": "16",
        "name": "88",
        "lng": "-87.655688",
        "lat": "41.88397"
    }, {
        "num": "17",
        "name": "59",
        "lng": "-87.625961",
        "lat": "41.867227"
    }, {
        "num": "18",
        "name": "55",
        "lng": "-87.648625",
        "lat": "41.867324"
    }, {
        "num": "19",
        "name": "346",
        "lng": "-87.661206",
        "lat": "41.88283"
    }, {
        "num": "20",
        "name": "300",
        "lng": "-87.644095",
        "lat": "41.937725"
    }, {
        "num": "21",
        "name": "343",
        "lng": "-87.658971",
        "lat": "41.928887"
    }, {
        "num": "22",
        "name": "295",
        "lng": "-87.659637",
        "lat": "41.972972"
    }, {
        "num": "23",
        "name": "67",
        "lng": "-87.653708042",
        "lat": "41.925601882"
    }, {
        "num": "24",
        "name": "134",
        "lng": "-87.649633",
        "lat": "41.877749"
    }, {
        "num": "25",
        "name": "22",
        "lng": "-87.6554864",
        "lat": "41.8694821"
    }, {
        "num": "26",
        "name": "72",
        "lng": "-87.625813",
        "lat": "41.860384"
    }, {
        "num": "27",
        "name": "60",
        "lng": "-87.649421929",
        "lat": "41.910578035"
    }, {
        "num": "28",
        "name": "26",
        "lng": "-87.6173",
        "lat": "41.89102"
    }, {
        "num": "29",
        "name": "143",
        "lng": "-87.638888",
        "lat": "41.922167"
    }, {
        "num": "30",
        "name": "120",
        "lng": "-87.631886",
        "lat": "41.853605"
    }, {
        "num": "31",
        "name": "144",
        "lng": "-87.64414",
        "lat": "41.921822"
    }, {
        "num": "32",
        "name": "308",
        "lng": "-87.679618",
        "lat": "41.943403"
    }, {
        "num": "33",
        "name": "52",
        "lng": "-87.624117",
        "lat": "41.886024"
    }, {
        "num": "34",
        "name": "142",
        "lng": "-87.617854",
        "lat": "41.894503"
    }, {
        "num": "35",
        "name": "340",
        "lng": "-87.643118",
        "lat": "41.929546"
    }, {
        "num": "36",
        "name": "418",
        "lng": "-87.600958114",
        "lat": "41.799336263"
    }, {
        "num": "37",
        "name": "299",
        "lng": "-87.64895",
        "lat": "41.94367"
    }, {
        "num": "38",
        "name": "76",
        "lng": "-87.616743",
        "lat": "41.880958"
    }, {
        "num": "39",
        "name": "305",
        "lng": "-87.687275",
        "lat": "41.902893"
    }, {
        "num": "40",
        "name": "243",
        "lng": "-87.684146",
        "lat": "41.962391"
    }, {
        "num": "41",
        "name": "49",
        "lng": "-87.629520919",
        "lat": "41.881319815"
    }, {
        "num": "42",
        "name": "482",
        "lng": "-87.691165041",
        "lat": "41.961525933"
    }, {
        "num": "43",
        "name": "127",
        "lng": "-87.64926",
        "lat": "41.925905"
    }, {
        "num": "44",
        "name": "279",
        "lng": "-87.647172",
        "lat": "41.830661"
    }, {
        "num": "45",
        "name": "41",
        "lng": "-87.629543773",
        "lat": "41.872077633"
    }, {
        "num": "46",
        "name": "342",
        "lng": "-87.673688",
        "lat": "41.871262"
    }, {
        "num": "47",
        "name": "186",
        "lng": "-87.658751",
        "lat": "41.891795"
    }, {
        "num": "48",
        "name": "210",
        "lng": "-87.667747",
        "lat": "41.90345"
    }, {
        "num": "49",
        "name": "205",
        "lng": "-87.668745",
        "lat": "41.857901"
    }, {
        "num": "50",
        "name": "290",
        "lng": "-87.707322",
        "lat": "41.921525"
    }, {
        "num": "51",
        "name": "463",
        "lng": "-87.668047105",
        "lat": "41.977996654"
    }, {
        "num": "52",
        "name": "464",
        "lng": "-87.679459039",
        "lat": "41.975614805"
    }, {
        "num": "53",
        "name": "434",
        "lng": "-87.68469707",
        "lat": "41.866501483"
    }, {
        "num": "54",
        "name": "24",
        "lng": "-87.62062",
        "lat": "41.89186"
    }, {
        "num": "55",
        "name": "61",
        "lng": "-87.672552",
        "lat": "41.907655"
    }, {
        "num": "56",
        "name": "451",
        "lng": "-87.661198243",
        "lat": "42.00104378"
    }, {
        "num": "57",
        "name": "145",
        "lng": "-87.621915226",
        "lat": "41.898586651"
    }, {
        "num": "58",
        "name": "467",
        "lng": "-87.690492239",
        "lat": "42.008594397"
    }, {
        "num": "59",
        "name": "158",
        "lng": "-87.681391",
        "lat": "41.912616"
    }, {
        "num": "60",
        "name": "92",
        "lng": "-87.653449",
        "lat": "41.894556"
    }, {
        "num": "61",
        "name": "349",
        "lng": "-87.649077",
        "lat": "41.929143"
    }, {
        "num": "62",
        "name": "111",
        "lng": "-87.638437",
        "lat": "41.894666"
    }, {
        "num": "63",
        "name": "17",
        "lng": "-87.67273",
        "lat": "41.90332"
    }, {
        "num": "64",
        "name": "126",
        "lng": "-87.631942",
        "lat": "41.911974"
    }, {
        "num": "65",
        "name": "294",
        "lng": "-87.659753",
        "lat": "41.978353"
    }, {
        "num": "66",
        "name": "118",
        "lng": "-87.638677",
        "lat": "41.911386"
    }, {
        "num": "67",
        "name": "275",
        "lng": "-87.666507",
        "lat": "41.865234"
    }, {
        "num": "68",
        "name": "112",
        "lng": "-87.64867",
        "lat": "41.883668"
    }, {
        "num": "69",
        "name": "320",
        "lng": "-87.661501",
        "lat": "41.872187"
    }, {
        "num": "70",
        "name": "141",
        "lng": "-87.6346",
        "lat": "41.915689"
    }, {
        "num": "71",
        "name": "53",
        "lng": "-87.633775",
        "lat": "41.894729"
    }, {
        "num": "72",
        "name": "274",
        "lng": "-87.656625",
        "lat": "41.861267"
    }, {
        "num": "73",
        "name": "244",
        "lng": "-87.67393",
        "lat": "41.95469"
    }, {
        "num": "74",
        "name": "261",
        "lng": "-87.669886",
        "lat": "41.871514"
    }, {
        "num": "75",
        "name": "74",
        "lng": "-87.641711",
        "lat": "41.893882"
    }, {
        "num": "76",
        "name": "156",
        "lng": "-87.647538658",
        "lat": "41.936496822"
    }, {
        "num": "77",
        "name": "333",
        "lng": "-87.667252",
        "lat": "41.907066"
    }, {
        "num": "78",
        "name": "211",
        "lng": "-87.622663",
        "lat": "41.894448"
    }, {
        "num": "79",
        "name": "298",
        "lng": "-87.679259",
        "lat": "41.955927"
    }, {
        "num": "80",
        "name": "29",
        "lng": "-87.6626",
        "lat": "41.90068"
    }, {
        "num": "81",
        "name": "458",
        "lng": "-87.660140621",
        "lat": "41.989742511"
    }, {
        "num": "82",
        "name": "165",
        "lng": "-87.659172",
        "lat": "41.95078"
    }, {
        "num": "83",
        "name": "286",
        "lng": "-87.634793",
        "lat": "41.878724"
    }, {
        "num": "84",
        "name": "117",
        "lng": "-87.65304",
        "lat": "41.94018"
    }, {
        "num": "85",
        "name": "38",
        "lng": "-87.630876058",
        "lat": "41.886020828"
    }, {
        "num": "86",
        "name": "488",
        "lng": "-87.727736814",
        "lat": "41.945636441"
    }, {
        "num": "87",
        "name": "214",
        "lng": "-87.67686",
        "lat": "41.89122"
    }, {
        "num": "88",
        "name": "58",
        "lng": "-87.668879",
        "lat": "41.916017"
    }, {
        "num": "89",
        "name": "43",
        "lng": "-87.624649141",
        "lat": "41.883892766"
    }, {
        "num": "90",
        "name": "331",
        "lng": "-87.648627",
        "lat": "41.908537"
    }, {
        "num": "91",
        "name": "226",
        "lng": "-87.658865",
        "lat": "41.939743"
    }, {
        "num": "92",
        "name": "183",
        "lng": "-87.677234",
        "lat": "41.899714"
    }, {
        "num": "93",
        "name": "93",
        "lng": "-87.652855",
        "lat": "41.913688"
    }, {
        "num": "94",
        "name": "94",
        "lng": "-87.636282",
        "lat": "41.918306"
    }, {
        "num": "95",
        "name": "138",
        "lng": "-87.640552",
        "lat": "41.904613"
    }, {
        "num": "96",
        "name": "306",
        "lng": "-87.654966",
        "lat": "41.958494"
    }, {
        "num": "97",
        "name": "18",
        "lng": "-87.637313287",
        "lat": "41.883271593"
    }, {
        "num": "98",
        "name": "110",
        "lng": "-87.629318",
        "lat": "41.893992"
    }, {
        "num": "99",
        "name": "297",
        "lng": "-87.671387",
        "lat": "41.961507"
    }, {
        "num": "100",
        "name": "240",
        "lng": "-87.654406",
        "lat": "41.954245"
    }, {
        "num": "101",
        "name": "220",
        "lng": "-87.642385",
        "lat": "41.93262"
    }, {
        "num": "102",
        "name": "44",
        "lng": "-87.627733569",
        "lat": "41.884730201"
    }, {
        "num": "103",
        "name": "510",
        "lng": "-87.709219571",
        "lat": "41.902706594"
    }, {
        "num": "104",
        "name": "197",
        "lng": "-87.625125",
        "lat": "41.882134"
    }, {
        "num": "105",
        "name": "99",
        "lng": "-87.614492",
        "lat": "41.89257"
    }, {
        "num": "106",
        "name": "313",
        "lng": "-87.638973",
        "lat": "41.925858"
    }, {
        "num": "107",
        "name": "30",
        "lng": "-87.6677",
        "lat": "41.899643"
    }, {
        "num": "108",
        "name": "314",
        "lng": "-87.673567",
        "lat": "41.957921"
    }, {
        "num": "109",
        "name": "254",
        "lng": "-87.648043",
        "lat": "41.954383"
    }, {
        "num": "110",
        "name": "194",
        "lng": "-87.62603",
        "lat": "41.886875"
    }, {
        "num": "111",
        "name": "212",
        "lng": "-87.636928",
        "lat": "41.892154"
    }, {
        "num": "112",
        "name": "27",
        "lng": "-87.6435",
        "lat": "41.91021"
    }, {
        "num": "113",
        "name": "602",
        "lng": "-87.685962",
        "lat": "42.063999"
    }, {
        "num": "114",
        "name": "312",
        "lng": "-87.649519",
        "lat": "41.957879"
    }, {
        "num": "115",
        "name": "234",
        "lng": "-87.666036",
        "lat": "41.961588"
    }, {
        "num": "116",
        "name": "276",
        "lng": "-87.6972",
        "lat": "41.91044"
    }, {
        "num": "117",
        "name": "315",
        "lng": "-87.664169",
        "lat": "41.912919"
    }, {
        "num": "118",
        "name": "159",
        "lng": "-87.685854",
        "lat": "41.907781"
    }, {
        "num": "119",
        "name": "477",
        "lng": "-87.701082677",
        "lat": "41.966317529"
    }, {
        "num": "120",
        "name": "394",
        "lng": "-87.631246",
        "lat": "41.870816"
    }, {
        "num": "121",
        "name": "475",
        "lng": "-87.69616957",
        "lat": "41.968711069"
    }, {
        "num": "122",
        "name": "503",
        "lng": "-87.715441036",
        "lat": "41.924398819"
    }, {
        "num": "123",
        "name": "190",
        "lng": "-87.663913",
        "lat": "41.928773"
    }, {
        "num": "124",
        "name": "615",
        "lng": "-87.779425",
        "lat": "41.87981"
    }, {
        "num": "125",
        "name": "250",
        "lng": "-87.669807",
        "lat": "41.936083"
    }, {
        "num": "126",
        "name": "96",
        "lng": "-87.644570585",
        "lat": "41.88461619"
    }, {
        "num": "127",
        "name": "106",
        "lng": "-87.628722",
        "lat": "41.897448"
    }, {
        "num": "128",
        "name": "304",
        "lng": "-87.648601",
        "lat": "41.949065"
    }, {
        "num": "129",
        "name": "459",
        "lng": "-87.652310469",
        "lat": "41.984036696"
    }, {
        "num": "130",
        "name": "316",
        "lng": "-87.679258",
        "lat": "41.96325"
    }, {
        "num": "131",
        "name": "133",
        "lng": "-87.638505772",
        "lat": "41.889176833"
    }, {
        "num": "132",
        "name": "478",
        "lng": "-87.693638494",
        "lat": "41.96590014"
    }, {
        "num": "133",
        "name": "233",
        "lng": "-87.651148",
        "lat": "41.883004"
    }, {
        "num": "134",
        "name": "182",
        "lng": "-87.634324",
        "lat": "41.903222"
    }, {
        "num": "135",
        "name": "325",
        "lng": "-87.668365",
        "lat": "41.973385"
    }, {
        "num": "136",
        "name": "480",
        "lng": "-87.705866",
        "lat": "41.961041"
    }, {
        "num": "137",
        "name": "382",
        "lng": "-87.686445276",
        "lat": "41.874748851"
    }, {
        "num": "138",
        "name": "338",
        "lng": "-87.619407",
        "lat": "41.857611"
    }, {
        "num": "139",
        "name": "128",
        "lng": "-87.67722",
        "lat": "41.895769"
    }, {
        "num": "140",
        "name": "227",
        "lng": "-87.66394",
        "lat": "41.94815"
    }, {
        "num": "141",
        "name": "161",
        "lng": "-87.625908033",
        "lat": "41.895764746"
    }, {
        "num": "142",
        "name": "176",
        "lng": "-87.63128",
        "lat": "41.902973"
    }, {
        "num": "143",
        "name": "90",
        "lng": "-87.62408432",
        "lat": "41.8810317"
    }, {
        "num": "144",
        "name": "289",
        "lng": "-87.634656",
        "lat": "41.912133"
    }, {
        "num": "145",
        "name": "46",
        "lng": "-87.63443007",
        "lat": "41.89993001"
    }, {
        "num": "146",
        "name": "170",
        "lng": "-87.640826",
        "lat": "41.85795"
    }, {
        "num": "147",
        "name": "414",
        "lng": "-87.639474",
        "lat": "41.870257"
    }, {
        "num": "148",
        "name": "14",
        "lng": "-87.651073",
        "lat": "41.858086"
    }, {
        "num": "149",
        "name": "413",
        "lng": "-87.597005148",
        "lat": "41.81409271"
    }, {
        "num": "150",
        "name": "283",
        "lng": "-87.631985",
        "lat": "41.87817"
    }, {
        "num": "151",
        "name": "160",
        "lng": "-87.689556",
        "lat": "41.910535"
    }, {
        "num": "152",
        "name": "253",
        "lng": "-87.658857",
        "lat": "41.968873"
    }, {
        "num": "153",
        "name": "303",
        "lng": "-87.64598",
        "lat": "41.945512"
    }, {
        "num": "154",
        "name": "426",
        "lng": "-87.601072761",
        "lat": "41.785097146"
    }, {
        "num": "155",
        "name": "447",
        "lng": "-87.665502394",
        "lat": "42.007971923"
    }, {
        "num": "156",
        "name": "359",
        "lng": "-87.643353494",
        "lat": "41.90348607"
    }, {
        "num": "157",
        "name": "19",
        "lng": "-87.660996",
        "lat": "41.869417"
    }, {
        "num": "158",
        "name": "80",
        "lng": "-87.655599",
        "lat": "41.88042"
    }, {
        "num": "159",
        "name": "108",
        "lng": "-87.64664",
        "lat": "41.87184"
    }, {
        "num": "160",
        "name": "259",
        "lng": "-87.696972",
        "lat": "41.918121"
    }, {
        "num": "161",
        "name": "3",
        "lng": "-87.61535539",
        "lat": "41.867225957"
    }, {
        "num": "162",
        "name": "6",
        "lng": "-87.612794539",
        "lat": "41.885041992"
    }, {
        "num": "163",
        "name": "109",
        "lng": "-87.650019",
        "lat": "41.874675"
    }, {
        "num": "164",
        "name": "454",
        "lng": "-87.660284535",
        "lat": "41.994779688"
    }, {
        "num": "165",
        "name": "219",
        "lng": "-87.677411",
        "lat": "41.916027"
    }, {
        "num": "166",
        "name": "296",
        "lng": "-87.645451",
        "lat": "41.940106"
    }, {
        "num": "167",
        "name": "51",
        "lng": "-87.63188991",
        "lat": "41.884576228"
    }, {
        "num": "168",
        "name": "35",
        "lng": "-87.612043",
        "lat": "41.892278"
    }, {
        "num": "169",
        "name": "280",
        "lng": "-87.65114",
        "lat": "41.8378"
    }, {
        "num": "170",
        "name": "415",
        "lng": "-87.61805358",
        "lat": "41.802294651"
    }, {
        "num": "171",
        "name": "4",
        "lng": "-87.613348",
        "lat": "41.856268"
    }, {
        "num": "172",
        "name": "486",
        "lng": "-87.686079624",
        "lat": "41.954340852"
    }, {
        "num": "173",
        "name": "157",
        "lng": "-87.636794",
        "lat": "41.936669"
    }, {
        "num": "174",
        "name": "374",
        "lng": "-87.686596016",
        "lat": "41.898417689"
    }, {
        "num": "175",
        "name": "89",
        "lng": "-87.633105819",
        "lat": "41.875009135"
    }, {
        "num": "176",
        "name": "344",
        "lng": "-87.674237",
        "lat": "41.96909"
    }, {
        "num": "177",
        "name": "507",
        "lng": "-87.701808956",
        "lat": "41.917513394"
    }, {
        "num": "178",
        "name": "432",
        "lng": "-87.67419",
        "lat": "42.009074"
    }, {
        "num": "179",
        "name": "231",
        "lng": "-87.65464",
        "lat": "41.96167"
    }, {
        "num": "180",
        "name": "302",
        "lng": "-87.653833",
        "lat": "41.928712"
    }, {
        "num": "181",
        "name": "273",
        "lng": "-87.62455",
        "lat": "41.857813"
    }, {
        "num": "182",
        "name": "115",
        "lng": "-87.652662",
        "lat": "41.936266"
    }, {
        "num": "183",
        "name": "16",
        "lng": "-87.670072",
        "lat": "41.910337"
    }, {
        "num": "184",
        "name": "97",
        "lng": "-87.617867",
        "lat": "41.865312"
    }, {
        "num": "185",
        "name": "260",
        "lng": "-87.707857",
        "lat": "41.929567"
    }, {
        "num": "186",
        "name": "293",
        "lng": "-87.657238",
        "lat": "41.965485"
    }, {
        "num": "187",
        "name": "520",
        "lng": "-87.66857",
        "lat": "42.015962"
    }, {
        "num": "188",
        "name": "255",
        "lng": "-87.623041",
        "lat": "41.867888"
    }, {
        "num": "189",
        "name": "129",
        "lng": "-87.661535",
        "lat": "41.857556"
    }, {
        "num": "190",
        "name": "493",
        "lng": "-87.687394535",
        "lat": "41.943026165"
    }, {
        "num": "191",
        "name": "291",
        "lng": "-87.63483",
        "lat": "41.906724"
    }, {
        "num": "192",
        "name": "341",
        "lng": "-87.607267",
        "lat": "41.866095"
    }, {
        "num": "193",
        "name": "166",
        "lng": "-87.668507",
        "lat": "41.92883"
    }, {
        "num": "194",
        "name": "31",
        "lng": "-87.635633",
        "lat": "41.896776"
    }, {
        "num": "195",
        "name": "284",
        "lng": "-87.62408",
        "lat": "41.87785"
    }, {
        "num": "196",
        "name": "56",
        "lng": "-87.644447853",
        "lat": "41.888716036"
    }, {
        "num": "197",
        "name": "229",
        "lng": "-87.66402",
        "lat": "41.943739"
    }, {
        "num": "198",
        "name": "172",
        "lng": "-87.627690528",
        "lat": "41.902308701"
    }, {
        "num": "199",
        "name": "48",
        "lng": "-87.642884",
        "lat": "41.897764"
    }, {
        "num": "200",
        "name": "84",
        "lng": "-87.645925",
        "lat": "41.891"
    }, {
        "num": "201",
        "name": "327",
        "lng": "-87.653818",
        "lat": "41.92154"
    }, {
        "num": "202",
        "name": "232",
        "lng": "-87.646303",
        "lat": "41.949275"
    }, {
        "num": "203",
        "name": "69",
        "lng": "-87.677691929",
        "lat": "41.909396006"
    }, {
        "num": "204",
        "name": "248",
        "lng": "-87.596471",
        "lat": "41.795264"
    }, {
        "num": "205",
        "name": "433",
        "lng": "-87.704870749",
        "lat": "41.873599675"
    }, {
        "num": "206",
        "name": "282",
        "lng": "-87.647071",
        "lat": "41.864883"
    }, {
        "num": "207",
        "name": "401",
        "lng": "-87.635491",
        "lat": "41.842733"
    }, {
        "num": "208",
        "name": "73",
        "lng": "-87.642746",
        "lat": "41.880422"
    }, {
        "num": "209",
        "name": "174",
        "lng": "-87.639833",
        "lat": "41.882091"
    }, {
        "num": "210",
        "name": "181",
        "lng": "-87.63206",
        "lat": "41.890749"
    }, {
        "num": "211",
        "name": "213",
        "lng": "-87.68229",
        "lat": "41.910153"
    }, {
        "num": "212",
        "name": "131",
        "lng": "-87.668385",
        "lat": "41.939365"
    }, {
        "num": "213",
        "name": "251",
        "lng": "-87.650001",
        "lat": "41.967968"
    }, {
        "num": "214",
        "name": "5",
        "lng": "-87.627716",
        "lat": "41.874053"
    }, {
        "num": "215",
        "name": "21",
        "lng": "-87.65478743",
        "lat": "41.87772613"
    }, {
        "num": "216",
        "name": "100",
        "lng": "-87.63639",
        "lat": "41.888243"
    }, {
        "num": "217",
        "name": "373",
        "lng": "-87.706127884",
        "lat": "41.895465303"
    }, {
        "num": "218",
        "name": "209",
        "lng": "-87.640591",
        "lat": "41.849527"
    }, {
        "num": "219",
        "name": "237",
        "lng": "-87.617",
        "lat": "41.842052"
    }, {
        "num": "220",
        "name": "39",
        "lng": "-87.625688606",
        "lat": "41.879472352"
    }, {
        "num": "221",
        "name": "465",
        "lng": "-87.650154",
        "lat": "41.9716"
    }, {
        "num": "222",
        "name": "461",
        "lng": "-87.66027383",
        "lat": "41.984044611"
    }, {
        "num": "223",
        "name": "288",
        "lng": "-87.643749",
        "lat": "41.918084"
    }, {
        "num": "224",
        "name": "332",
        "lng": "-87.648959",
        "lat": "41.933666"
    }, {
        "num": "225",
        "name": "550",
        "lng": "-87.764902",
        "lat": "41.894958"
    }, {
        "num": "226",
        "name": "191",
        "lng": "-87.639525",
        "lat": "41.880884"
    }, {
        "num": "227",
        "name": "37",
        "lng": "-87.629791036",
        "lat": "41.879356359"
    }, {
        "num": "228",
        "name": "544",
        "lng": "-87.773264",
        "lat": "41.87998"
    }, {
        "num": "229",
        "name": "57",
        "lng": "-87.641087959",
        "lat": "41.867117782"
    }, {
        "num": "230",
        "name": "258",
        "lng": "-87.685126",
        "lat": "41.930584"
    }, {
        "num": "231",
        "name": "20",
        "lng": "-87.653106",
        "lat": "41.910522"
    }, {
        "num": "232",
        "name": "116",
        "lng": "-87.687202",
        "lat": "41.915401"
    }, {
        "num": "233",
        "name": "2",
        "lng": "-87.623979",
        "lat": "41.872638"
    }, {
        "num": "234",
        "name": "523",
        "lng": "-87.665086",
        "lat": "42.021019"
    }, {
        "num": "235",
        "name": "607",
        "lng": "-87.783055",
        "lat": "41.898168"
    }, {
        "num": "236",
        "name": "45",
        "lng": "-87.624426",
        "lat": "41.876243"
    }, {
        "num": "237",
        "name": "28",
        "lng": "-87.64332",
        "lat": "41.91468"
    }, {
        "num": "238",
        "name": "87",
        "lng": "-87.65840426",
        "lat": "41.92556258"
    }, {
        "num": "239",
        "name": "366",
        "lng": "-87.657434953",
        "lat": "41.84163254"
    }, {
        "num": "240",
        "name": "33",
        "lng": "-87.627844",
        "lat": "41.877181"
    }, {
        "num": "241",
        "name": "268",
        "lng": "-87.626804",
        "lat": "41.911722"
    }, {
        "num": "242",
        "name": "257",
        "lng": "-87.675112",
        "lat": "41.94911"
    }, {
        "num": "243",
        "name": "481",
        "lng": "-87.695439",
        "lat": "41.961068"
    }, {
        "num": "244",
        "name": "301",
        "lng": "-87.631501",
        "lat": "41.907993"
    }, {
        "num": "245",
        "name": "324",
        "lng": "-87.638742",
        "lat": "41.93132"
    }, {
        "num": "246",
        "name": "249",
        "lng": "-87.638181",
        "lat": "41.963982"
    }, {
        "num": "247",
        "name": "491",
        "lng": "-87.694614758",
        "lat": "41.946635831"
    }, {
        "num": "248",
        "name": "285",
        "lng": "-87.671956",
        "lat": "41.889587"
    }, {
        "num": "249",
        "name": "7",
        "lng": "-87.617516547",
        "lat": "41.886349063"
    }, {
        "num": "250",
        "name": "123",
        "lng": "-87.697153",
        "lat": "41.922695"
    }, {
        "num": "251",
        "name": "309",
        "lng": "-87.682437",
        "lat": "41.917805"
    }, {
        "num": "252",
        "name": "334",
        "lng": "-87.639192",
        "lat": "41.940775"
    }, {
        "num": "253",
        "name": "121",
        "lng": "-87.590368",
        "lat": "41.802562"
    }, {
        "num": "254",
        "name": "85",
        "lng": "-87.62377664",
        "lat": "41.90096039"
    }, {
        "num": "255",
        "name": "420",
        "lng": "-87.601449773",
        "lat": "41.794300621"
    }, {
        "num": "256",
        "name": "424",
        "lng": "-87.583945009",
        "lat": "41.79172821"
    }, {
        "num": "257",
        "name": "419",
        "lng": "-87.586449896",
        "lat": "41.799494294"
    }, {
        "num": "258",
        "name": "119",
        "lng": "-87.66732",
        "lat": "41.88541"
    }, {
        "num": "259",
        "name": "435",
        "lng": "-87.706496176",
        "lat": "41.866492782"
    }, {
        "num": "260",
        "name": "198",
        "lng": "-87.648789",
        "lat": "41.881892"
    }, {
        "num": "261",
        "name": "113",
        "lng": "-87.65222",
        "lat": "41.91844"
    }, {
        "num": "262",
        "name": "150",
        "lng": "-87.608218",
        "lat": "41.838556"
    }, {
        "num": "263",
        "name": "13",
        "lng": "-87.652705",
        "lat": "41.932418"
    }, {
        "num": "264",
        "name": "217",
        "lng": "-87.656001",
        "lat": "41.886773"
    }, {
        "num": "265",
        "name": "66",
        "lng": "-87.641823",
        "lat": "41.885637"
    }, {
        "num": "266",
        "name": "430",
        "lng": "-87.615942857",
        "lat": "41.780080637"
    }, {
        "num": "267",
        "name": "153",
        "lng": "-87.663576",
        "lat": "41.935733"
    }, {
        "num": "268",
        "name": "225",
        "lng": "-87.64883",
        "lat": "41.919936"
    }, {
        "num": "269",
        "name": "91",
        "lng": "-87.64117",
        "lat": "41.88338"
    }, {
        "num": "270",
        "name": "271",
        "lng": "-87.606582",
        "lat": "41.816499"
    }, {
        "num": "271",
        "name": "71",
        "lng": "-87.652304856",
        "lat": "41.885483308"
    }, {
        "num": "272",
        "name": "383",
        "lng": "-87.667245636",
        "lat": "41.874290614"
    }, {
        "num": "273",
        "name": "247",
        "lng": "-87.580715",
        "lat": "41.795212"
    }, {
        "num": "274",
        "name": "242",
        "lng": "-87.679028",
        "lat": "41.967094"
    }, {
        "num": "275",
        "name": "81",
        "lng": "-87.629634",
        "lat": "41.884241"
    }, {
        "num": "276",
        "name": "114",
        "lng": "-87.654529",
        "lat": "41.949399"
    }, {
        "num": "277",
        "name": "216",
        "lng": "-87.697474",
        "lat": "41.903029"
    }, {
        "num": "278",
        "name": "489",
        "lng": "-87.716421522",
        "lat": "41.946781849"
    }, {
        "num": "279",
        "name": "122",
        "lng": "-87.67328",
        "lat": "41.87501"
    }, {
        "num": "280",
        "name": "238",
        "lng": "-87.674365",
        "lat": "41.961615"
    }, {
        "num": "281",
        "name": "137",
        "lng": "-87.651062",
        "lat": "41.862378"
    }, {
        "num": "282",
        "name": "40",
        "lng": "-87.631985221",
        "lat": "41.879344373"
    }, {
        "num": "283",
        "name": "402",
        "lng": "-87.635406",
        "lat": "41.838464"
    }, {
        "num": "284",
        "name": "50",
        "lng": "-87.630584536",
        "lat": "41.875932666"
    }, {
        "num": "285",
        "name": "345",
        "lng": "-87.587782",
        "lat": "41.793242"
    }, {
        "num": "286",
        "name": "501",
        "lng": "-87.70119513",
        "lat": "41.931901969"
    }, {
        "num": "287",
        "name": "107",
        "lng": "-87.643909",
        "lat": "41.878287"
    }, {
        "num": "288",
        "name": "152",
        "lng": "-87.658617",
        "lat": "41.932225"
    }, {
        "num": "289",
        "name": "36",
        "lng": "-87.635321141",
        "lat": "41.877707956"
    }, {
        "num": "290",
        "name": "25",
        "lng": "-87.62351",
        "lat": "41.89766"
    }, {
        "num": "291",
        "name": "455",
        "lng": "-87.69336964",
        "lat": "41.990236029"
    }, {
        "num": "292",
        "name": "329",
        "lng": "-87.63625",
        "lat": "41.932684"
    }, {
        "num": "293",
        "name": "307",
        "lng": "-87.663712",
        "lat": "41.920771"
    }, {
        "num": "294",
        "name": "140",
        "lng": "-87.629912",
        "lat": "41.898969"
    }, {
        "num": "295",
        "name": "351",
        "lng": "-87.606615",
        "lat": "41.803038"
    }, {
        "num": "296",
        "name": "277",
        "lng": "-87.666611",
        "lat": "41.891072"
    }, {
        "num": "297",
        "name": "188",
        "lng": "-87.6658",
        "lat": "41.92533"
    }, {
        "num": "298",
        "name": "245",
        "lng": "-87.649603",
        "lat": "41.961004"
    }, {
        "num": "299",
        "name": "490",
        "lng": "-87.706649901",
        "lat": "41.945243568"
    }, {
        "num": "300",
        "name": "321",
        "lng": "-87.626106",
        "lat": "41.871962"
    }, {
        "num": "301",
        "name": "154",
        "lng": "-87.66378",
        "lat": "41.93949"
    }, {
        "num": "302",
        "name": "192",
        "lng": "-87.639904",
        "lat": "41.879255"
    }, {
        "num": "303",
        "name": "509",
        "lng": "-87.705280487",
        "lat": "41.909769302"
    }, {
        "num": "304",
        "name": "32",
        "lng": "-87.65703",
        "lat": "41.87464"
    }, {
        "num": "305",
        "name": "336",
        "lng": "-87.606755",
        "lat": "41.809855"
    }, {
        "num": "306",
        "name": "241",
        "lng": "-87.65103",
        "lat": "41.871737"
    }, {
        "num": "307",
        "name": "224",
        "lng": "-87.64884",
        "lat": "41.913778"
    }, {
        "num": "308",
        "name": "504",
        "lng": "-87.689307006",
        "lat": "41.924632472"
    }, {
        "num": "309",
        "name": "350",
        "lng": "-87.667747",
        "lat": "41.895966"
    }, {
        "num": "310",
        "name": "163",
        "lng": "-87.677856",
        "lat": "41.931931"
    }, {
        "num": "311",
        "name": "605",
        "lng": "-87.673447",
        "lat": "42.052939"
    }, {
        "num": "312",
        "name": "164",
        "lng": "-87.6355",
        "lat": "41.885837"
    }, {
        "num": "313",
        "name": "527",
        "lng": "-87.690048",
        "lat": "42.018901"
    }, {
        "num": "314",
        "name": "173",
        "lng": "-87.621743",
        "lat": "41.89691"
    }, {
        "num": "315",
        "name": "168",
        "lng": "-87.623727",
        "lat": "41.864059"
    }, {
        "num": "316",
        "name": "411",
        "lng": "-87.645616554",
        "lat": "41.808133915"
    }, {
        "num": "317",
        "name": "347",
        "lng": "-87.6687",
        "lat": "41.950687"
    }, {
        "num": "318",
        "name": "364",
        "lng": "-87.642985468",
        "lat": "41.900219493"
    }, {
        "num": "319",
        "name": "230",
        "lng": "-87.67097",
        "lat": "41.94334"
    }, {
        "num": "320",
        "name": "524",
        "lng": "-87.774704",
        "lat": "41.894887"
    }, {
        "num": "321",
        "name": "310",
        "lng": "-87.677855",
        "lat": "41.920082"
    }, {
        "num": "322",
        "name": "460",
        "lng": "-87.669154",
        "lat": "41.983593"
    }, {
        "num": "323",
        "name": "547",
        "lng": "-87.665577",
        "lat": "41.823465"
    }, {
        "num": "324",
        "name": "532",
        "lng": "-87.774446",
        "lat": "41.887919"
    }, {
        "num": "325",
        "name": "328",
        "lng": "-87.601334",
        "lat": "41.788746"
    }, {
        "num": "326",
        "name": "318",
        "lng": "-87.664358",
        "lat": "41.954177"
    }, {
        "num": "327",
        "name": "376",
        "lng": "-87.688219365",
        "lat": "41.88949182"
    }, {
        "num": "328",
        "name": "337",
        "lng": "-87.630931",
        "lat": "41.896544"
    }, {
        "num": "329",
        "name": "323",
        "lng": "-87.654691",
        "lat": "41.969517"
    }, {
        "num": "330",
        "name": "515",
        "lng": "-87.673573",
        "lat": "42.019159"
    }, {
        "num": "331",
        "name": "317",
        "lng": "-87.671045",
        "lat": "41.869154"
    }, {
        "num": "332",
        "name": "162",
        "lng": "-87.67842",
        "lat": "41.93588"
    }, {
        "num": "333",
        "name": "223",
        "lng": "-87.656936",
        "lat": "41.918216"
    }, {
        "num": "334",
        "name": "479",
        "lng": "-87.716569073",
        "lat": "41.961154076"
    }, {
        "num": "335",
        "name": "103",
        "lng": "-87.640949133",
        "lat": "41.871466518"
    }, {
        "num": "336",
        "name": "322",
        "lng": "-87.594747",
        "lat": "41.799568"
    }, {
        "num": "337",
        "name": "339",
        "lng": "-87.645143",
        "lat": "41.838198"
    }, {
        "num": "338",
        "name": "499",
        "lng": "-87.723777364",
        "lat": "41.930585371"
    }, {
        "num": "339",
        "name": "596",
        "lng": "-87.683485",
        "lat": "42.048214"
    }, {
        "num": "340",
        "name": "180",
        "lng": "-87.626402",
        "lat": "41.906782"
    }, {
        "num": "341",
        "name": "34",
        "lng": "-87.634428785",
        "lat": "41.926755988"
    }, {
        "num": "342",
        "name": "86",
        "lng": "-87.66098386",
        "lat": "41.89637337"
    }, {
        "num": "343",
        "name": "476",
        "lng": "-87.708051981",
        "lat": "41.966686362"
    }, {
        "num": "344",
        "name": "326",
        "lng": "-87.667429",
        "lat": "41.967096"
    }, {
        "num": "345",
        "name": "417",
        "lng": "-87.586924",
        "lat": "41.802406"
    }, {
        "num": "346",
        "name": "68",
        "lng": "-87.640795",
        "lat": "41.875885"
    }, {
        "num": "347",
        "name": "367",
        "lng": "-87.655975912",
        "lat": "41.830696113"
    }, {
        "num": "348",
        "name": "609",
        "lng": "-87.800255",
        "lat": "41.88891"
    }, {
        "num": "349",
        "name": "23",
        "lng": "-87.637715",
        "lat": "41.902924"
    }, {
        "num": "350",
        "name": "620",
        "lng": "-87.637536",
        "lat": "41.898203"
    }, {
        "num": "351",
        "name": "246",
        "lng": "-87.668869",
        "lat": "41.956061"
    }, {
        "num": "352",
        "name": "124",
        "lng": "-87.675726",
        "lat": "41.855048"
    }, {
        "num": "353",
        "name": "42",
        "lng": "-87.626488",
        "lat": "41.852619"
    }, {
        "num": "354",
        "name": "228",
        "lng": "-87.6785",
        "lat": "41.9406"
    }, {
        "num": "355",
        "name": "518",
        "lng": "-87.716866",
        "lat": "41.885502"
    }, {
        "num": "356",
        "name": "75",
        "lng": "-87.641052",
        "lat": "41.878412"
    }, {
        "num": "357",
        "name": "54",
        "lng": "-87.654061273",
        "lat": "41.896362458"
    }, {
        "num": "358",
        "name": "319",
        "lng": "-87.665939",
        "lat": "41.932595"
    }, {
        "num": "359",
        "name": "203",
        "lng": "-87.685243",
        "lat": "41.85394"
    }, {
        "num": "360",
        "name": "603",
        "lng": "-87.677821",
        "lat": "42.050491"
    }, {
        "num": "361",
        "name": "132",
        "lng": "-87.631715",
        "lat": "41.849237"
    }, {
        "num": "362",
        "name": "604",
        "lng": "-87.677432",
        "lat": "42.058239"
    }, {
        "num": "363",
        "name": "202",
        "lng": "-87.646277",
        "lat": "41.857499"
    }, {
        "num": "364",
        "name": "472",
        "lng": "-87.692502559",
        "lat": "41.974911297"
    }, {
        "num": "365",
        "name": "526",
        "lng": "-87.688243",
        "lat": "42.012342"
    }, {
        "num": "366",
        "name": "378",
        "lng": "-87.696298137",
        "lat": "41.884453957"
    }, {
        "num": "367",
        "name": "196",
        "lng": "-87.622072",
        "lat": "41.890573"
    }, {
        "num": "368",
        "name": "598",
        "lng": "-87.684107",
        "lat": "42.025784"
    }, {
        "num": "369",
        "name": "597",
        "lng": "-87.679101",
        "lat": "42.032562"
    }, {
        "num": "370",
        "name": "125",
        "lng": "-87.626293",
        "lat": "41.890011"
    }, {
        "num": "371",
        "name": "311",
        "lng": "-87.684001",
        "lat": "41.968885"
    }, {
        "num": "372",
        "name": "453",
        "lng": "-87.671377339",
        "lat": "41.999251822"
    }, {
        "num": "373",
        "name": "457",
        "lng": "-87.669583398",
        "lat": "41.99089375"
    }, {
        "num": "374",
        "name": "178",
        "lng": "-87.627542",
        "lat": "41.856594"
    }, {
        "num": "375",
        "name": "590",
        "lng": "-87.740569",
        "lat": "41.953733"
    }, {
        "num": "376",
        "name": "98",
        "lng": "-87.63253",
        "lat": "41.882664"
    }, {
        "num": "377",
        "name": "487",
        "lng": "-87.698051113",
        "lat": "41.952162193"
    }, {
        "num": "378",
        "name": "471",
        "lng": "-87.701419439",
        "lat": "41.975632725"
    }, {
        "num": "379",
        "name": "265",
        "lng": "-87.6071",
        "lat": "41.822985"
    }, {
        "num": "380",
        "name": "462",
        "lng": "-87.675814728",
        "lat": "41.979770217"
    }, {
        "num": "381",
        "name": "272",
        "lng": "-87.621857",
        "lat": "41.838842"
    }, {
        "num": "382",
        "name": "595",
        "lng": "-87.622634",
        "lat": "41.736646"
    }, {
        "num": "383",
        "name": "429",
        "lng": "-87.60563486",
        "lat": "41.773720952"
    }, {
        "num": "384",
        "name": "619",
        "lng": "-87.727752",
        "lat": "41.924361"
    }, {
        "num": "385",
        "name": "169",
        "lng": "-87.639566",
        "lat": "41.874337"
    }, {
        "num": "386",
        "name": "287",
        "lng": "-87.635185",
        "lat": "41.880317"
    }, {
        "num": "387",
        "name": "167",
        "lng": "-87.67564",
        "lat": "41.8492"
    }, {
        "num": "388",
        "name": "215",
        "lng": "-87.67493",
        "lat": "41.88137"
    }, {
        "num": "389",
        "name": "423",
        "lng": "-87.599861",
        "lat": "41.791478"
    }, {
        "num": "390",
        "name": "222",
        "lng": "-87.693033",
        "lat": "41.920195"
    }, {
        "num": "391",
        "name": "185",
        "lng": "-87.691392",
        "lat": "41.917741"
    }, {
        "num": "392",
        "name": "278",
        "lng": "-87.64129",
        "lat": "41.830629"
    }, {
        "num": "393",
        "name": "517",
        "lng": "-87.675005",
        "lat": "42.015963"
    }, {
        "num": "394",
        "name": "135",
        "lng": "-87.64665",
        "lat": "41.85378"
    }, {
        "num": "395",
        "name": "292",
        "lng": "-87.664199",
        "lat": "41.957081"
    }, {
        "num": "396",
        "name": "612",
        "lng": "-87.785236",
        "lat": "41.888085"
    }, {
        "num": "397",
        "name": "511",
        "lng": "-87.705126462",
        "lat": "41.914026713"
    }, {
        "num": "398",
        "name": "403",
        "lng": "-87.631822981",
        "lat": "41.834529886"
    }, {
        "num": "399",
        "name": "545",
        "lng": "-87.735737",
        "lat": "41.877917"
    }, {
        "num": "400",
        "name": "201",
        "lng": "-87.6216",
        "lat": "41.82168"
    }, {
        "num": "401",
        "name": "149",
        "lng": "-87.61793",
        "lat": "41.8349"
    }, {
        "num": "402",
        "name": "474",
        "lng": "-87.711830668",
        "lat": "41.968354494"
    }, {
        "num": "403",
        "name": "514",
        "lng": "-87.68452",
        "lat": "42.019276"
    }, {
        "num": "404",
        "name": "611",
        "lng": "-87.793899",
        "lat": "41.886923"
    }, {
        "num": "405",
        "name": "591",
        "lng": "-87.74002",
        "lat": "41.948818"
    }, {
        "num": "406",
        "name": "600",
        "lng": "-87.698224",
        "lat": "42.048308"
    }, {
        "num": "407",
        "name": "496",
        "lng": "-87.723553833",
        "lat": "41.939448392"
    }, {
        "num": "408",
        "name": "610",
        "lng": "-87.80287",
        "lat": "41.88681"
    }, {
        "num": "409",
        "name": "497",
        "lng": "-87.711561",
        "lat": "41.939398"
    }, {
        "num": "410",
        "name": "601",
        "lng": "-87.69873",
        "lat": "42.063598"
    }, {
        "num": "411",
        "name": "397",
        "lng": "-87.560114781",
        "lat": "41.758745837"
    }, {
        "num": "412",
        "name": "399",
        "lng": "-87.55927465",
        "lat": "41.76218896"
    }, {
        "num": "413",
        "name": "377",
        "lng": "-87.706303744",
        "lat": "41.884603285"
    }, {
        "num": "414",
        "name": "148",
        "lng": "-87.625813",
        "lat": "41.834734"
    }, {
        "num": "415",
        "name": "370",
        "lng": "-87.619153742",
        "lat": "41.854184249"
    }, {
        "num": "416",
        "name": "136",
        "lng": "-87.656959",
        "lat": "41.865054"
    }, {
        "num": "417",
        "name": "505",
        "lng": "-87.676460075",
        "lat": "41.92409085"
    }, {
        "num": "418",
        "name": "428",
        "lng": "-87.591415989",
        "lat": "41.780405646"
    }, {
        "num": "419",
        "name": "365",
        "lng": "-87.648479875",
        "lat": "41.899368439"
    }, {
        "num": "420",
        "name": "263",
        "lng": "-87.613533",
        "lat": "41.836208"
    }, {
        "num": "421",
        "name": "437",
        "lng": "-87.693374",
        "lat": "41.86148"
    }, {
        "num": "422",
        "name": "422",
        "lng": "-87.607852177",
        "lat": "41.791568011"
    }, {
        "num": "423",
        "name": "506",
        "lng": "-87.710356652",
        "lat": "41.917183752"
    }, {
        "num": "424",
        "name": "354",
        "lng": "-87.662412095",
        "lat": "42.010586563"
    }, {
        "num": "425",
        "name": "442",
        "lng": "-87.695139807",
        "lat": "41.849109692"
    }, {
        "num": "426",
        "name": "449",
        "lng": "-87.672402405",
        "lat": "42.004450629"
    }, {
        "num": "427",
        "name": "483",
        "lng": "-87.732002",
        "lat": "41.953393"
    }, {
        "num": "428",
        "name": "606",
        "lng": "-87.80022",
        "lat": "41.894355"
    }, {
        "num": "429",
        "name": "236",
        "lng": "-87.638517",
        "lat": "41.907576"
    }, {
        "num": "430",
        "name": "425",
        "lng": "-87.58831517",
        "lat": "41.787942813"
    }, {
        "num": "431",
        "name": "146",
        "lng": "-87.662007",
        "lat": "41.877945"
    }, {
        "num": "432",
        "name": "184",
        "lng": "-87.62688",
        "lat": "41.83104"
    }, {
        "num": "433",
        "name": "356",
        "lng": "-87.586460878",
        "lat": "41.766492937"
    }, {
        "num": "434",
        "name": "204",
        "lng": "-87.618691",
        "lat": "41.794853"
    }, {
        "num": "435",
        "name": "577",
        "lng": "-87.585337",
        "lat": "41.751173"
    }, {
        "num": "436",
        "name": "147",
        "lng": "-87.622176",
        "lat": "41.845435"
    }, {
        "num": "437",
        "name": "206",
        "lng": "-87.646795",
        "lat": "41.847203"
    }, {
        "num": "438",
        "name": "519",
        "lng": "-87.677725",
        "lat": "42.016977"
    }, {
        "num": "439",
        "name": "525",
        "lng": "-87.666058",
        "lat": "42.012701"
    }, {
        "num": "440",
        "name": "390",
        "lng": "-87.629746305",
        "lat": "41.780079633"
    }, {
        "num": "441",
        "name": "500",
        "lng": "-87.716889294",
        "lat": "41.935337283"
    }, {
        "num": "442",
        "name": "438",
        "lng": "-87.715405838",
        "lat": "41.854204313"
    }, {
        "num": "443",
        "name": "441",
        "lng": "-87.705413746",
        "lat": "41.848190945"
    }, {
        "num": "444",
        "name": "208",
        "lng": "-87.665897",
        "lat": "41.85381"
    }, {
        "num": "445",
        "name": "552",
        "lng": "-87.66454",
        "lat": "41.80887"
    }, {
        "num": "446",
        "name": "62",
        "lng": "-87.618834649",
        "lat": "41.851375173"
    }, {
        "num": "447",
        "name": "330",
        "lng": "-87.673308",
        "lat": "41.946176"
    }, {
        "num": "448",
        "name": "485",
        "lng": "-87.7093108",
        "lat": "41.953586179"
    }, {
        "num": "449",
        "name": "372",
        "lng": "-87.702882",
        "lat": "41.900146"
    }, {
        "num": "450",
        "name": "368",
        "lng": "-87.665609859",
        "lat": "41.839208684"
    }, {
        "num": "451",
        "name": "616",
        "lng": "-87.793945",
        "lat": "41.872987"
    }, {
        "num": "452",
        "name": "200",
        "lng": "-87.616279",
        "lat": "41.809851"
    }, {
        "num": "453",
        "name": "171",
        "lng": "-87.654127",
        "lat": "41.855136"
    }, {
        "num": "454",
        "name": "207",
        "lng": "-87.645368",
        "lat": "41.84358"
    }, {
        "num": "455",
        "name": "613",
        "lng": "-87.80224",
        "lat": "41.879837"
    }, {
        "num": "456",
        "name": "9",
        "lng": "-87.680604459",
        "lat": "41.82879202"
    }, {
        "num": "457",
        "name": "11",
        "lng": "-87.576450114",
        "lat": "41.766638237"
    }, {
        "num": "458",
        "name": "352",
        "lng": "-87.577142826",
        "lat": "41.773517551"
    }, {
        "num": "459",
        "name": "431",
        "lng": "-87.61330783",
        "lat": "41.784141693"
    }, {
        "num": "460",
        "name": "270",
        "lng": "-87.586882871",
        "lat": "41.75866967"
    }, {
        "num": "461",
        "name": "218",
        "lng": "-87.633879",
        "lat": "41.856802"
    }, {
        "num": "462",
        "name": "395",
        "lng": "-87.575839359",
        "lat": "41.757120068"
    }, {
        "num": "463",
        "name": "95",
        "lng": "-87.586787618",
        "lat": "41.778700571"
    }, {
        "num": "464",
        "name": "421",
        "lng": "-87.615853262",
        "lat": "41.793429457"
    }, {
        "num": "465",
        "name": "439",
        "lng": "-87.705073032",
        "lat": "41.853533632"
    }, {
        "num": "466",
        "name": "470",
        "lng": "-87.709261",
        "lat": "41.975672"
    }, {
        "num": "467",
        "name": "469",
        "lng": "-87.716114962",
        "lat": "41.980394235"
    }, {
        "num": "468",
        "name": "436",
        "lng": "-87.694521",
        "lat": "41.866624"
    }, {
        "num": "469",
        "name": "385",
        "lng": "-87.633124",
        "lat": "41.794982"
    }, {
        "num": "470",
        "name": "492",
        "lng": "-87.683367214",
        "lat": "41.94702904"
    }, {
        "num": "471",
        "name": "508",
        "lng": "-87.716631952",
        "lat": "41.909656876"
    }, {
        "num": "472",
        "name": "498",
        "lng": "-87.698007756",
        "lat": "41.938428791"
    }, {
        "num": "473",
        "name": "581",
        "lng": "-87.551201",
        "lat": "41.744607"
    }, {
        "num": "474",
        "name": "408",
        "lng": "-87.643565028",
        "lat": "41.817638089"
    }, {
        "num": "475",
        "name": "617",
        "lng": "-87.788938",
        "lat": "41.871312"
    }, {
        "num": "476",
        "name": "468",
        "lng": "-87.696422561",
        "lat": "41.983664709"
    }, {
        "num": "477",
        "name": "444",
        "lng": "-87.702013013",
        "lat": "41.844475014"
    }, {
        "num": "478",
        "name": "416",
        "lng": "-87.592464",
        "lat": "41.805772"
    }, {
        "num": "479",
        "name": "443",
        "lng": "-87.715910308",
        "lat": "41.844566849"
    }, {
        "num": "480",
        "name": "522",
        "lng": "-87.669563",
        "lat": "42.019537"
    }, {
        "num": "481",
        "name": "281",
        "lng": "-87.685109",
        "lat": "41.84847"
    }, {
        "num": "482",
        "name": "448",
        "lng": "-87.680666145",
        "lat": "42.004549622"
    }, {
        "num": "483",
        "name": "335",
        "lng": "-87.618034",
        "lat": "41.831379"
    }, {
        "num": "484",
        "name": "589",
        "lng": "-87.749594",
        "lat": "41.954468"
    }, {
        "num": "485",
        "name": "12",
        "lng": "-87.565687572",
        "lat": "41.766409457"
    }, {
        "num": "486",
        "name": "554",
        "lng": "-87.674684",
        "lat": "41.800908"
    }, {
        "num": "487",
        "name": "348",
        "lng": "-87.695445",
        "lat": "41.854016"
    }, {
        "num": "488",
        "name": "599",
        "lng": "-87.699413",
        "lat": "42.039742"
    }, {
        "num": "489",
        "name": "494",
        "lng": "-87.70892252",
        "lat": "41.982397085"
    }, {
        "num": "490",
        "name": "101",
        "lng": "-87.57611976",
        "lat": "41.781016372"
    }, {
        "num": "491",
        "name": "614",
        "lng": "-87.789247",
        "lat": "41.880113"
    }, {
        "num": "492",
        "name": "355",
        "lng": "-87.56733865",
        "lat": "41.773668848"
    }, {
        "num": "493",
        "name": "252",
        "lng": "-87.599383",
        "lat": "41.809835"
    }, {
        "num": "494",
        "name": "381",
        "lng": "-87.686112808",
        "lat": "41.879787709"
    }, {
        "num": "495",
        "name": "495",
        "lng": "-87.728970101",
        "lat": "41.961108016"
    }, {
        "num": "496",
        "name": "466",
        "lng": "-87.682912644",
        "lat": "42.012132277"
    }, {
        "num": "497",
        "name": "452",
        "lng": "-87.689438282",
        "lat": "41.994161369"
    }, {
        "num": "498",
        "name": "102",
        "lng": "-87.585339739",
        "lat": "41.773458499"
    }, {
        "num": "499",
        "name": "406",
        "lng": "-87.608799195",
        "lat": "41.831274235"
    }, {
        "num": "500",
        "name": "585",
        "lng": "-87.604786",
        "lat": "41.744053"
    }, {
        "num": "501",
        "name": "375",
        "lng": "-87.70103",
        "lat": "41.889727"
    }, {
        "num": "502",
        "name": "410",
        "lng": "-87.619412462",
        "lat": "41.816658893"
    }, {
        "num": "503",
        "name": "193",
        "lng": "-87.626938",
        "lat": "41.841707"
    }, {
        "num": "504",
        "name": "484",
        "lng": "-87.71912818",
        "lat": "41.954004839"
    }, {
        "num": "505",
        "name": "400",
        "lng": "-87.604959713",
        "lat": "41.765719037"
    }, {
        "num": "506",
        "name": "618",
        "lng": "-87.778797",
        "lat": "41.870699"
    }, {
        "num": "507",
        "name": "440",
        "lng": "-87.717000385",
        "lat": "41.849881946"
    }, {
        "num": "508",
        "name": "528",
        "lng": "-87.726491",
        "lat": "41.885409"
    }, {
        "num": "509",
        "name": "384",
        "lng": "-87.645213904",
        "lat": "41.80183164"
    }, {
        "num": "510",
        "name": "369",
        "lng": "-87.670298309",
        "lat": "41.830104654"
    }, {
        "num": "511",
        "name": "592",
        "lng": "-87.745359",
        "lat": "41.960631"
    }, {
        "num": "512",
        "name": "594",
        "lng": "-87.683392",
        "lat": "41.805661"
    }, {
        "num": "513",
        "name": "412",
        "lng": "-87.633449288",
        "lat": "41.809317709"
    }, {
        "num": "514",
        "name": "445",
        "lng": "-87.695295923",
        "lat": "41.844040031"
    }, {
        "num": "515",
        "name": "456",
        "lng": "-87.683593",
        "lat": "41.991178"
    }, {
        "num": "516",
        "name": "546",
        "lng": "-87.676597",
        "lat": "41.823192"
    }, {
        "num": "517",
        "name": "551",
        "lng": "-87.67718",
        "lat": "41.808227"
    }, {
        "num": "518",
        "name": "262",
        "lng": "-87.64572",
        "lat": "41.827059"
    }, {
        "num": "519",
        "name": "535",
        "lng": "-87.725704",
        "lat": "41.874325"
    }, {
        "num": "520",
        "name": "353",
        "lng": "-87.674367115",
        "lat": "42.012560115"
    }, {
        "num": "521",
        "name": "179",
        "lng": "-87.61615",
        "lat": "41.82256"
    }]
}